Elapsed Time (ms),Skydel SV ID,PRN,GPS TOW,GPS Week Number,Subframe,Page,Navigation Message (Hex),Modified
0,2,194,388800.000,2279,1,,22EAAA2F 205BDEFC 0E784115 1555556A 2AAAAA95 1555556A 2AAA8141 3FE80C85 3FC00128 3FDE6948,No
0,3,195,388800.000,2279,1,,22EAAA2F 205BDEFC 0E784115 1555556A 2AAAAA95 1555556A 2AAA80EF 3FE80CAC 003FFEAD 0016FFE8,No
0,4,196,388800.000,2279,1,,22EAAA2F 205BDEFC 0E784115 1555556A 2AAAAA95 1555556A 2AAABED8 0017F353 3FFFFFAC 025061D4,No
0,7,199,388800.000,2279,1,,22EAAA2F 205BDEFC 0E784115 1555556A 2AAAAA95 1555556A 2AAABE2E 0017F37A 00000029 0000B77C,No
6000,2,194,388806.000,2279,2,,22EAAA2F 205BBD6C 0002BDFE 09561CAC 2654ECA8 013B0996 21C8F85D 0873CD78 3B46D80F 280CA0B8,No
6000,3,195,388806.000,2279,2,,22EAAA2F 205BBD6C 0001667F 3BC0F534 3EC18265 3E5E3664 03169C26 0C24F287 054C997F 280CA0B8,No
6000,4,196,388806.000,2279,2,,22EAAA2F 205BBD6C 0035338E 0A117870 3B9ADDB0 3A3E09AD 33F0F8CA 3AAAF284 3A043B87 280CA0B8,No
6000,7,199,388806.000,2279,2,,22EAAA2F 205BBD6C 00068B1E 000014C1 269D9124 0397C00B 38C9A09D 32AFCD4F 04ED27B5 280CA034,No
12000,2,194,388812.000,2279,3,,22EAAA2F 205B9CE4 3FFDAFC2 1351E505 005B78AF 36BE2607 2AC5CFDC 070578A4 3FF6606C 003D82EC,No
12000,3,195,388812.000,2279,3,,22EAAA2F 205B9CE4 3FE7C143 25966895 005538C6 3A0D420C 2FA3EFE2 2E0CCB17 0006179F 3FFF4FF4,No
12000,4,196,388812.000,2279,3,,22EAAA2F 205B9CE4 3FB652C6 1D10787E 0042C661 3722FB91 33625018 2833E818 3FF5BF37 3FC42B10,No
12000,7,199,388812.000,2279,3,,22EAAA2F 205B9CE4 006D614D 25731AF5 00273FE3 3C64F0C4 27E703EE 15B17182 0002ACEE 0000008C,No
18000,2,194,388818.000,2279,4,51,22EAAA2F 205B7B14 3CDD79C4 3E04104F 0107E054 3EFAAABA 2AAAAA95 1555556A 2AAAAA95 1555559C,No
18000,3,195,388818.000,2279,4,51,22EAAA2F 205B7B14 3CDD79C4 3E04104F 0107E054 3EFAAABA 2AAAAA95 1555556A 2AAAAA95 1555559C,No
18000,4,196,388818.000,2279,4,51,22EAAA2F 205B7B14 3CDD79C4 3E04104F 0107E054 3EFAAABA 2AAAAA95 1555556A 2AAAAA95 1555559C,No
18000,7,199,388818.000,2279,4,51,22EAAA2F 205B7B14 3CDD79C4 3E04104F 0107E054 3EFAAABA 2AAAAA95 1555556A 2AAAAA95 1555559C,No
24000,2,194,388824.000,2279,5,2,22EAAA2F 205B5A9C 309F3B6E 1D74937F 004CFFB0 32BB46FF 102D7A2D 0FF8FA71 22DBC0A2 3FC00460,No
24000,3,195,388824.000,2279,5,2,22EAAA2F 205B5A9C 309F3B6E 1D74937F 004CFFB0 32BB46FF 102D7A2D 0FF8FA71 22DBC0A2 3FC00460,No
24000,4,196,388824.000,2279,5,2,22EAAA2F 205B5A9C 309F3B6E 1D74937F 004CFFB0 32BB46FF 102D7A2D 0FF8FA71 22DBC0A2 3FC00460,No
24000,7,199,388824.000,2279,5,2,22EAAA2F 205B5A9C 309F3B6E 1D74937F 004CFFB0 32BB46FF 102D7A2D 0FF8FA71 22DBC0A2 3FC00460,No
30000,2,194,388830.000,2279,1,,22EAAA2F 205B3E98 0E784115 1555556A 2AAAAA95 1555556A 2AAA8141 3FE80C85 3FC00128 3FDE6948,No
30000,3,195,388830.000,2279,1,,22EAAA2F 205B3E98 0E784115 1555556A 2AAAAA95 1555556A 2AAA80EF 3FE80CAC 003FFEAD 0016FFE8,No
30000,4,196,388830.000,2279,1,,22EAAA2F 205B3E98 0E784115 1555556A 2AAAAA95 1555556A 2AAABED8 0017F353 3FFFFFAC 025061D4,No
30000,7,199,388830.000,2279,1,,22EAAA2F 205B3E98 0E784115 1555556A 2AAAAA95 1555556A 2AAABE2E 0017F37A 00000029 0000B77C,No
36000,2,194,388836.000,2279,2,,22EAAA2F 205B1DF0 0002BDFE 09561CAC 2654ECA8 013B0996 21C8F85D 0873CD78 3B46D80F 280CA0B8,No
36000,3,195,388836.000,2279,2,,22EAAA2F 205B1DF0 0001667F 3BC0F534 3EC18265 3E5E3664 03169C26 0C24F287 054C997F 280CA0B8,No
36000,4,196,388836.000,2279,2,,22EAAA2F 205B1DF0 0035338E 0A117870 3B9ADDB0 3A3E09AD 33F0F8CA 3AAAF284 3A043B87 280CA0B8,No
36000,7,199,388836.000,2279,2,,22EAAA2F 205B1DF0 00068B1E 000014C1 269D9124 0397C00B 38C9A09D 32AFCD4F 04ED27B5 280CA034,No
42000,2,194,388842.000,2279,3,,22EAAA2F 205AFC04 3FFDAFC2 1351E505 005B78AF 36BE2607 2AC5CFDC 070578A4 3FF6606C 003D82EC,No
42000,3,195,388842.000,2279,3,,22EAAA2F 205AFC04 3FE7C143 25966895 005538C6 3A0D420C 2FA3EFE2 2E0CCB17 0006179F 3FFF4FF4,No
42000,4,196,388842.000,2279,3,,22EAAA2F 205AFC04 3FB652C6 1D10787E 0042C661 3722FB91 33625018 2833E818 3FF5BF37 3FC42B10,No
42000,7,199,388842.000,2279,3,,22EAAA2F 205AFC04 006D614D 25731AF5 00273FE3 3C64F0C4 27E703EE 15B17182 0002ACEE 0000008C,No
48000,2,194,388848.000,2279,4,56,22EAAA2F 205ADB40 3E014083 000075F7 3E8001CD 3FFFFFD6 00000029 3FE84621 3B5DBE19 3B555548,No
48000,3,195,388848.000,2279,4,56,22EAAA2F 205ADB40 3E014083 000075F7 3E8001CD 3FFFFFD6 00000029 3FE84621 3B5DBE19 3B555548,No
48000,4,196,388848.000,2279,4,56,22EAAA2F 205ADB40 3E014083 000075F7 3E8001CD 3FFFFFD6 00000029 3FE84621 3B5DBE19 3B555548,No
48000,7,199,388848.000,2279,4,56,22EAAA2F 205ADB40 3E014083 000075F7 3E8001CD 3FFFFFD6 00000029 3FE84621 3B5DBE19 3B555548,No
54000,2,194,388854.000,2279,5,61,22EAAA2F 205ABA30 3F4140B9 000075DE 017FFE1B 3FFFFFFF 3FFFFFFF 3FE84608 04A241CF 3B5555C4,No
54000,3,195,388854.000,2279,5,61,22EAAA2F 205ABA30 3F4140B9 000075DE 017FFE1B 3FFFFFFF 3FFFFFFF 3FE84608 04A241CF 3B5555C4,No
54000,4,196,388854.000,2279,5,61,22EAAA2F 205ABA30 3F4140B9 000075DE 017FFE1B 3FFFFFFF 3FFFFFFF 3FE84608 04A241CF 3B5555C4,No
54000,7,199,388854.000,2279,5,61,22EAAA2F 205ABA30 3F4140B9 000075DE 017FFE1B 3FFFFFFF 3FFFFFFF 3FE84608 04A241CF 3B5555C4,No
60000,2,194,388860.000,2279,1,,22EAAA2F 205A9ECC 0E784115 1555556A 2AAAAA95 1555556A 2AAA8141 3FE80C85 3FC00128 3FDE6948,No
60000,3,195,388860.000,2279,1,,22EAAA2F 205A9ECC 0E784115 1555556A 2AAAAA95 1555556A 2AAA80EF 3FE80CAC 003FFEAD 0016FFE8,No
60000,4,196,388860.000,2279,1,,22EAAA2F 205A9ECC 0E784115 1555556A 2AAAAA95 1555556A 2AAABED8 0017F353 3FFFFFAC 025061D4,No
60000,7,199,388860.000,2279,1,,22EAAA2F 205A9ECC 0E784115 1555556A 2AAAAA95 1555556A 2AAABE2E 0017F37A 00000029 0000B77C,No
66000,2,194,388866.000,2279,2,,22EAAA2F 205A7D10 0002BDFE 09561CAC 2654ECA8 013B0996 21C8F85D 0873CD78 3B46D80F 280CA0B8,No
66000,3,195,388866.000,2279,2,,22EAAA2F 205A7D10 0001667F 3BC0F534 3EC18265 3E5E3664 03169C26 0C24F287 054C997F 280CA0B8,No
66000,4,196,388866.000,2279,2,,22EAAA2F 205A7D10 0035338E 0A117870 3B9ADDB0 3A3E09AD 33F0F8CA 3AAAF284 3A043B87 280CA0B8,No
66000,7,199,388866.000,2279,2,,22EAAA2F 205A7D10 00068B1E 000014C1 269D9124 0397C00B 38C9A09D 32AFCD4F 04ED27B5 280CA034,No
72000,2,194,388872.000,2279,3,,22EAAA2F 205A5C98 3FFDAFC2 1351E505 005B78AF 36BE2607 2AC5CFDC 070578A4 3FF6606C 003D82EC,No
72000,3,195,388872.000,2279,3,,22EAAA2F 205A5C98 3FE7C143 25966895 005538C6 3A0D420C 2FA3EFE2 2E0CCB17 0006179F 3FFF4FF4,No
72000,4,196,388872.000,2279,3,,22EAAA2F 205A5C98 3FB652C6 1D10787E 0042C661 3722FB91 33625018 2833E818 3FF5BF37 3FC42B10,No
72000,7,199,388872.000,2279,3,,22EAAA2F 205A5C98 006D614D 25731AF5 00273FE3 3C64F0C4 27E703EE 15B17182 0002ACEE 0000008C,No
78000,2,194,388878.000,2279,4,51,22EAAA2F 205A3B24 3CDD79C4 3E04104F 0107E054 3EFAAABA 2AAAAA95 1555556A 2AAAAA95 1555559C,No
78000,3,195,388878.000,2279,4,51,22EAAA2F 205A3B24 3CDD79C4 3E04104F 0107E054 3EFAAABA 2AAAAA95 1555556A 2AAAAA95 1555559C,No
78000,4,196,388878.000,2279,4,51,22EAAA2F 205A3B24 3CDD79C4 3E04104F 0107E054 3EFAAABA 2AAAAA95 1555556A 2AAAAA95 1555559C,No
78000,7,199,388878.000,2279,4,51,22EAAA2F 205A3B24 3CDD79C4 3E04104F 0107E054 3EFAAABA 2AAAAA95 1555556A 2AAAAA95 1555559C,No
84000,2,194,388884.000,2279,5,3,22EAAA2F 205A1AAC 30DD5072 1D73A115 0030BFB7 0D454C4F 3EA61762 2FEE0CDB 34818D9E 3FC00538,No
84000,3,195,388884.000,2279,5,3,22EAAA2F 205A1AAC 30DD5072 1D73A115 0030BFB7 0D454C4F 3EA61762 2FEE0CDB 34818D9E 3FC00538,No
84000,4,196,388884.000,2279,5,3,22EAAA2F 205A1AAC 30DD5072 1D73A115 0030BFB7 0D454C4F 3EA61762 2FEE0CDB 34818D9E 3FC00538,No
84000,7,199,388884.000,2279,5,3,22EAAA2F 205A1AAC 30DD5072 1D73A115 0030BFB7 0D454C4F 3EA61762 2FEE0CDB 34818D9E 3FC00538,No
90000,2,194,388890.000,2279,1,,22EAAA2F 2059FEB4 0E784115 1555556A 2AAAAA95 1555556A 2AAA8141 3FE80C85 3FC00128 3FDE6948,No
90000,3,195,388890.000,2279,1,,22EAAA2F 2059FEB4 0E784115 1555556A 2AAAAA95 1555556A 2AAA80EF 3FE80CAC 003FFEAD 0016FFE8,No
90000,4,196,388890.000,2279,1,,22EAAA2F 2059FEB4 0E784115 1555556A 2AAAAA95 1555556A 2AAABED8 0017F353 3FFFFFAC 025061D4,No
90000,7,199,388890.000,2279,1,,22EAAA2F 2059FEB4 0E784115 1555556A 2AAAAA95 1555556A 2AAABE2E 0017F37A 00000029 0000B77C,No
96000,2,194,388896.000,2279,2,,22EAAA2F 2059DDDC 0002BDFE 09561CAC 2654ECA8 013B0996 21C8F85D 0873CD78 3B46D80F 280CA0B8,No
96000,3,195,388896.000,2279,2,,22EAAA2F 2059DDDC 0001667F 3BC0F534 3EC18265 3E5E3664 03169C26 0C24F287 054C997F 280CA0B8,No
96000,4,196,388896.000,2279,2,,22EAAA2F 2059DDDC 0035338E 0A117870 3B9ADDB0 3A3E09AD 33F0F8CA 3AAAF284 3A043B87 280CA0B8,No
96000,7,199,388896.000,2279,2,,22EAAA2F 2059DDDC 00068B1E 000014C1 269D9124 0397C00B 38C9A09D 32AFCD4F 04ED27B5 280CA034,No
102000,2,194,388902.000,2279,3,,22EAAA2F 2059BCAC 3FFDAFC2 1351E505 005B78AF 36BE2607 2AC5CFDC 070578A4 3FF6606C 003D82EC,No
102000,3,195,388902.000,2279,3,,22EAAA2F 2059BCAC 3FE7C143 25966895 005538C6 3A0D420C 2FA3EFE2 2E0CCB17 0006179F 3FFF4FF4,No
102000,4,196,388902.000,2279,3,,22EAAA2F 2059BCAC 3FB652C6 1D10787E 0042C661 3722FB91 33625018 2833E818 3FF5BF37 3FC42B10,No
102000,7,199,388902.000,2279,3,,22EAAA2F 2059BCAC 006D614D 25731AF5 00273FE3 3C64F0C4 27E703EE 15B17182 0002ACEE 0000008C,No
108000,2,194,388908.000,2279,4,56,22EAAA2F 20599BE8 3E014083 000075F7 3E8001CD 3FFFFFD6 00000029 3FE84621 3B5DBE19 3B555548,No
108000,3,195,388908.000,2279,4,56,22EAAA2F 20599BE8 3E014083 000075F7 3E8001CD 3FFFFFD6 00000029 3FE84621 3B5DBE19 3B555548,No
108000,4,196,388908.000,2279,4,56,22EAAA2F 20599BE8 3E014083 000075F7 3E8001CD 3FFFFFD6 00000029 3FE84621 3B5DBE19 3B555548,No
108000,7,199,388908.000,2279,4,56,22EAAA2F 20599BE8 3E014083 000075F7 3E8001CD 3FFFFFD6 00000029 3FE84621 3B5DBE19 3B555548,No
114000,2,194,388914.000,2279,5,61,22EAAA2F 20597AD4 3F4140B9 000075DE 017FFE1B 3FFFFFFF 3FFFFFFF 3FE84608 04A241CF 3B5555C4,No
114000,3,195,388914.000,2279,5,61,22EAAA2F 20597AD4 3F4140B9 000075DE 017FFE1B 3FFFFFFF 3FFFFFFF 3FE84608 04A241CF 3B5555C4,No
114000,4,196,388914.000,2279,5,61,22EAAA2F 20597AD4 3F4140B9 000075DE 017FFE1B 3FFFFFFF 3FFFFFFF 3FE84608 04A241CF 3B5555C4,No
114000,7,199,388914.000,2279,5,61,22EAAA2F 20597AD4 3F4140B9 000075DE 017FFE1B 3FFFFFFF 3FFFFFFF 3FE84608 04A241CF 3B5555C4,No
120000,2,194,388920.000,2279,1,,22EAAA2F 20595E28 0E784115 1555556A 2AAAAA95 1555556A 2AAA8141 3FE80C85 3FC00128 3FDE6948,No
120000,3,195,388920.000,2279,1,,22EAAA2F 20595E28 0E784115 1555556A 2AAAAA95 1555556A 2AAA80EF 3FE80CAC 003FFEAD 0016FFE8,No
120000,4,196,388920.000,2279,1,,22EAAA2F 20595E28 0E784115 1555556A 2AAAAA95 1555556A 2AAABED8 0017F353 3FFFFFAC 025061D4,No
120000,7,199,388920.000,2279,1,,22EAAA2F 20595E28 0E784115 1555556A 2AAAAA95 1555556A 2AAABE2E 0017F37A 00000029 0000B77C,No
126000,2,194,388926.000,2279,2,,22EAAA2F 20593DB8 0002BDFE 09561CAC 2654ECA8 013B0996 21C8F85D 0873CD78 3B46D80F 280CA0B8,No
126000,3,195,388926.000,2279,2,,22EAAA2F 20593DB8 0001667F 3BC0F534 3EC18265 3E5E3664 03169C26 0C24F287 054C997F 280CA0B8,No
126000,4,196,388926.000,2279,2,,22EAAA2F 20593DB8 0035338E 0A117870 3B9ADDB0 3A3E09AD 33F0F8CA 3AAAF284 3A043B87 280CA0B8,No
126000,7,199,388926.000,2279,2,,22EAAA2F 20593DB8 00068B1E 000014C1 269D9124 0397C00B 38C9A09D 32AFCD4F 04ED27B5 280CA034,No
132000,2,194,388932.000,2279,3,,22EAAA2F 20591C30 3FFDAFC2 1351E505 005B78AF 36BE2607 2AC5CFDC 070578A4 3FF6606C 003D82EC,No
132000,3,195,388932.000,2279,3,,22EAAA2F 20591C30 3FE7C143 25966895 005538C6 3A0D420C 2FA3EFE2 2E0CCB17 0006179F 3FFF4FF4,No
132000,4,196,388932.000,2279,3,,22EAAA2F 20591C30 3FB652C6 1D10787E 0042C661 3722FB91 33625018 2833E818 3FF5BF37 3FC42B10,No
132000,7,199,388932.000,2279,3,,22EAAA2F 20591C30 006D614D 25731AF5 00273FE3 3C64F0C4 27E703EE 15B17182 0002ACEE 0000008C,No
138000,2,194,388938.000,2279,4,51,22EAAA2F 2058FB08 3CDD79C4 3E04104F 0107E054 3EFAAABA 2AAAAA95 1555556A 2AAAAA95 1555559C,No
138000,3,195,388938.000,2279,4,51,22EAAA2F 2058FB08 3CDD79C4 3E04104F 0107E054 3EFAAABA 2AAAAA95 1555556A 2AAAAA95 1555559C,No
138000,4,196,388938.000,2279,4,51,22EAAA2F 2058FB08 3CDD79C4 3E04104F 0107E054 3EFAAABA 2AAAAA95 1555556A 2AAAAA95 1555559C,No
138000,7,199,388938.000,2279,4,51,22EAAA2F 2058FB08 3CDD79C4 3E04104F 0107E054 3EFAAABA 2AAAAA95 1555556A 2AAAAA95 1555559C,No
144000,2,194,388944.000,2279,5,4,22EAAA2F 2058DA80 311DDFC0 1D648C99 0051FF8D 0D45FBAA 12DC372A 2FE83425 07019CC1 3DBFFD14,No
144000,3,195,388944.000,2279,5,4,22EAAA2F 2058DA80 311DDFC0 1D648C99 0051FF8D 0D45FBAA 12DC372A 2FE83425 07019CC1 3DBFFD14,No
144000,4,196,388944.000,2279,5,4,22EAAA2F 2058DA80 311DDFC0 1D648C99 0051FF8D 0D45FBAA 12DC372A 2FE83425 07019CC1 3DBFFD14,No
144000,7,199,388944.000,2279,5,4,22EAAA2F 2058DA80 311DDFC0 1D648C99 0051FF8D 0D45FBAA 12DC372A 2FE83425 07019CC1 3DBFFD14,No
150000,2,194,388950.000,2279,1,,22EAAA2F 2058BE84 0E784115 1555556A 2AAAAA95 1555556A 2AAA8141 3FE80C85 3FC00128 3FDE6948,No
150000,3,195,388950.000,2279,1,,22EAAA2F 2058BE84 0E784115 1555556A 2AAAAA95 1555556A 2AAA80EF 3FE80CAC 003FFEAD 0016FFE8,No
150000,4,196,388950.000,2279,1,,22EAAA2F 2058BE84 0E784115 1555556A 2AAAAA95 1555556A 2AAABED8 0017F353 3FFFFFAC 025061D4,No
150000,7,199,388950.000,2279,1,,22EAAA2F 2058BE84 0E784115 1555556A 2AAAAA95 1555556A 2AAABE2E 0017F37A 00000029 0000B77C,No
156000,2,194,388956.000,2279,2,,22EAAA2F 20589DEC 0002BDFE 09561CAC 2654ECA8 013B0996 21C8F85D 0873CD78 3B46D80F 280CA0B8,No
156000,3,195,388956.000,2279,2,,22EAAA2F 20589DEC 0001667F 3BC0F534 3EC18265 3E5E3664 03169C26 0C24F287 054C997F 280CA0B8,No
156000,4,196,388956.000,2279,2,,22EAAA2F 20589DEC 0035338E 0A117870 3B9ADDB0 3A3E09AD 33F0F8CA 3AAAF284 3A043B87 280CA0B8,No
156000,7,199,388956.000,2279,2,,22EAAA2F 20589DEC 00068B1E 000014C1 269D9124 0397C00B 38C9A09D 32AFCD4F 04ED27B5 280CA034,No
162000,2,194,388962.000,2279,3,,22EAAA2F 20587CD0 3FFDAFC2 1351E505 005B78AF 36BE2607 2AC5CFDC 070578A4 3FF6606C 003D82EC,No
162000,3,195,388962.000,2279,3,,22EAAA2F 20587CD0 3FE7C143 25966895 005538C6 3A0D420C 2FA3EFE2 2E0CCB17 0006179F 3FFF4FF4,No
162000,4,196,388962.000,2279,3,,22EAAA2F 20587CD0 3FB652C6 1D10787E 0042C661 3722FB91 33625018 2833E818 3FF5BF37 3FC42B10,No
162000,7,199,388962.000,2279,3,,22EAAA2F 20587CD0 006D614D 25731AF5 00273FE3 3C64F0C4 27E703EE 15B17182 0002ACEE 0000008C,No
168000,2,194,388968.000,2279,4,56,22EAAA2F 20585B94 3E014083 000075F7 3E8001CD 3FFFFFD6 00000029 3FE84621 3B5DBE19 3B555548,No
168000,3,195,388968.000,2279,4,56,22EAAA2F 20585B94 3E014083 000075F7 3E8001CD 3FFFFFD6 00000029 3FE84621 3B5DBE19 3B555548,No
168000,4,196,388968.000,2279,4,56,22EAAA2F 20585B94 3E014083 000075F7 3E8001CD 3FFFFFD6 00000029 3FE84621 3B5DBE19 3B555548,No
168000,7,199,388968.000,2279,4,56,22EAAA2F 20585B94 3E014083 000075F7 3E8001CD 3FFFFFD6 00000029 3FE84621 3B5DBE19 3B555548,No
174000,2,194,388974.000,2279,5,61,22EAAA2F 20583AE4 3F4140B9 000075DE 017FFE1B 3FFFFFFF 3FFFFFFF 3FE84608 04A241CF 3B5555C4,No
174000,3,195,388974.000,2279,5,61,22EAAA2F 20583AE4 3F4140B9 000075DE 017FFE1B 3FFFFFFF 3FFFFFFF 3FE84608 04A241CF 3B5555C4,No
174000,4,196,388974.000,2279,5,61,22EAAA2F 20583AE4 3F4140B9 000075DE 017FFE1B 3FFFFFFF 3FFFFFFF 3FE84608 04A241CF 3B5555C4,No
174000,7,199,388974.000,2279,5,61,22EAAA2F 20583AE4 3F4140B9 000075DE 017FFE1B 3FFFFFFF 3FFFFFFF 3FE84608 04A241CF 3B5555C4,No
180000,2,194,388980.000,2279,1,,22EAAA2F 20581E18 0E784115 1555556A 2AAAAA95 1555556A 2AAA8141 3FE80C85 3FC00128 3FDE6948,No
180000,3,195,388980.000,2279,1,,22EAAA2F 20581E18 0E784115 1555556A 2AAAAA95 1555556A 2AAA80EF 3FE80CAC 003FFEAD 0016FFE8,No
180000,4,196,388980.000,2279,1,,22EAAA2F 20581E18 0E784115 1555556A 2AAAAA95 1555556A 2AAABED8 0017F353 3FFFFFAC 025061D4,No
180000,7,199,388980.000,2279,1,,22EAAA2F 20581E18 0E784115 1555556A 2AAAAA95 1555556A 2AAABE2E 0017F37A 00000029 0000B77C,No
186000,2,194,388986.000,2279,2,,22EAAA2F 2057FD38 0002BDFE 09561CAC 2654ECA8 013B0996 21C8F85D 0873CD78 3B46D80F 280CA0B8,No
186000,3,195,388986.000,2279,2,,22EAAA2F 2057FD38 0001667F 3BC0F534 3EC18265 3E5E3664 03169C26 0C24F287 054C997F 280CA0B8,No
186000,4,196,388986.000,2279,2,,22EAAA2F 2057FD38 0035338E 0A117870 3B9ADDB0 3A3E09AD 33F0F8CA 3AAAF284 3A043B87 280CA0B8,No
186000,7,199,388986.000,2279,2,,22EAAA2F 2057FD38 00068B1E 000014C1 269D9124 0397C00B 38C9A09D 32AFCD4F 04ED27B5 280CA034,No
192000,2,194,388992.000,2279,3,,22EAAA2F 2057DCB0 3FFDAFC2 1351E505 005B78AF 36BE2607 2AC5CFDC 070578A4 3FF6606C 003D82EC,No
192000,3,195,388992.000,2279,3,,22EAAA2F 2057DCB0 3FE7C143 25966895 005538C6 3A0D420C 2FA3EFE2 2E0CCB17 0006179F 3FFF4FF4,No
192000,4,196,388992.000,2279,3,,22EAAA2F 2057DCB0 3FB652C6 1D10787E 0042C661 3722FB91 33625018 2833E818 3FF5BF37 3FC42B10,No
192000,7,199,388992.000,2279,3,,22EAAA2F 2057DCB0 006D614D 25731AF5 00273FE3 3C64F0C4 27E703EE 15B17182 0002ACEE 0000008C,No
198000,2,194,388998.000,2279,4,51,22EAAA2F 2057BB0C 3CDD79C4 3E04104F 0107E054 3EFAAABA 2AAAAA95 1555556A 2AAAAA95 1555559C,No
198000,3,195,388998.000,2279,4,51,22EAAA2F 2057BB0C 3CDD79C4 3E04104F 0107E054 3EFAAABA 2AAAAA95 1555556A 2AAAAA95 1555559C,No
198000,4,196,388998.000,2279,4,51,22EAAA2F 2057BB0C 3CDD79C4 3E04104F 0107E054 3EFAAABA 2AAAAA95 1555556A 2AAAAA95 1555559C,No
198000,7,199,388998.000,2279,4,51,22EAAA2F 2057BB0C 3CDD79C4 3E04104F 0107E054 3EFAAABA 2AAAAA95 1555556A 2AAAAA95 1555559C,No
204000,2,194,389004.000,2279,5,5,22EAAA2F 20579A84 302AAA86 2AAAAA95 1555556A 2AAAAA95 1555556A 2AAAAA95 1555556A 2AAAAA30,No
204000,3,195,389004.000,2279,5,5,22EAAA2F 20579A84 302AAA86 2AAAAA95 1555556A 2AAAAA95 1555556A 2AAAAA95 1555556A 2AAAAA30,No
204000,4,196,389004.000,2279,5,5,22EAAA2F 20579A84 302AAA86 2AAAAA95 1555556A 2AAAAA95 1555556A 2AAAAA95 1555556A 2AAAAA30,No
204000,7,199,389004.000,2279,5,5,22EAAA2F 20579A84 302AAA86 2AAAAA95 1555556A 2AAAAA95 1555556A 2AAAAA95 1555556A 2AAAAA30,No
210000,2,194,389010.000,2279,1,,22EAAA2F 20577ECC 0E784115 1555556A 2AAAAA95 1555556A 2AAA8141 3FE80C85 3FC00128 3FDE6948,No
210000,3,195,389010.000,2279,1,,22EAAA2F 20577ECC 0E784115 1555556A 2AAAAA95 1555556A 2AAA80EF 3FE80CAC 003FFEAD 0016FFE8,No
210000,4,196,389010.000,2279,1,,22EAAA2F 20577ECC 0E784115 1555556A 2AAAAA95 1555556A 2AAABED8 0017F353 3FFFFFAC 025061D4,No
210000,7,199,389010.000,2279,1,,22EAAA2F 20577ECC 0E784115 1555556A 2AAAAA95 1555556A 2AAABE2E 0017F37A 00000029 0000B77C,No
216000,2,194,389016.000,2279,2,,22EAAA2F 20575DA4 0002BDFE 09561CAC 2654ECA8 013B0996 21C8F85D 0873CD78 3B46D80F 280CA0B8,No
216000,3,195,389016.000,2279,2,,22EAAA2F 20575DA4 0001667F 3BC0F534 3EC18265 3E5E3664 03169C26 0C24F287 054C997F 280CA0B8,No
216000,4,196,389016.000,2279,2,,22EAAA2F 20575DA4 0035338E 0A117870 3B9ADDB0 3A3E09AD 33F0F8CA 3AAAF284 3A043B87 280CA0B8,No
216000,7,199,389016.000,2279,2,,22EAAA2F 20575DA4 00068B1E 000014C1 269D9124 0397C00B 38C9A09D 32AFCD4F 04ED27B5 280CA034,No
222000,2,194,389022.000,2279,3,,22EAAA2F 20573CD4 3FFDAFC2 1351E505 005B78AF 36BE2607 2AC5CFDC 070578A4 3FF6606C 003D82EC,No
222000,3,195,389022.000,2279,3,,22EAAA2F 20573CD4 3FE7C143 25966895 005538C6 3A0D420C 2FA3EFE2 2E0CCB17 0006179F 3FFF4FF4,No
222000,4,196,389022.000,2279,3,,22EAAA2F 20573CD4 3FB652C6 1D10787E 0042C661 3722FB91 33625018 2833E818 3FF5BF37 3FC42B10,No
222000,7,199,389022.000,2279,3,,22EAAA2F 20573CD4 006D614D 25731AF5 00273FE3 3C64F0C4 27E703EE 15B17182 0002ACEE 0000008C,No
228000,2,194,389028.000,2279,4,56,22EAAA2F 20571B90 3E014083 000075F7 3E8001CD 3FFFFFD6 00000029 3FE84621 3B5DBE19 3B555548,No
228000,3,195,389028.000,2279,4,56,22EAAA2F 20571B90 3E014083 000075F7 3E8001CD 3FFFFFD6 00000029 3FE84621 3B5DBE19 3B555548,No
228000,4,196,389028.000,2279,4,56,22EAAA2F 20571B90 3E014083 000075F7 3E8001CD 3FFFFFD6 00000029 3FE84621 3B5DBE19 3B555548,No
228000,7,199,389028.000,2279,4,56,22EAAA2F 20571B90 3E014083 000075F7 3E8001CD 3FFFFFD6 00000029 3FE84621 3B5DBE19 3B555548,No
234000,2,194,389034.000,2279,5,61,22EAAA2F 2056FA64 3F4140B9 000075DE 017FFE1B 3FFFFFFF 3FFFFFFF 3FE84608 04A241CF 3B5555C4,No
234000,3,195,389034.000,2279,5,61,22EAAA2F 2056FA64 3F4140B9 000075DE 017FFE1B 3FFFFFFF 3FFFFFFF 3FE84608 04A241CF 3B5555C4,No
234000,4,196,389034.000,2279,5,61,22EAAA2F 2056FA64 3F4140B9 000075DE 017FFE1B 3FFFFFFF 3FFFFFFF 3FE84608 04A241CF 3B5555C4,No
234000,7,199,389034.000,2279,5,61,22EAAA2F 2056FA64 3F4140B9 000075DE 017FFE1B 3FFFFFFF 3FFFFFFF 3FE84608 04A241CF 3B5555C4,No
240000,2,194,389040.000,2279,1,,22EAAA2F 2056DE98 0E784115 1555556A 2AAAAA95 1555556A 2AAA8141 3FE80C85 3FC00128 3FDE6948,No
240000,3,195,389040.000,2279,1,,22EAAA2F 2056DE98 0E784115 1555556A 2AAAAA95 1555556A 2AAA80EF 3FE80CAC 003FFEAD 0016FFE8,No
240000,4,196,389040.000,2279,1,,22EAAA2F 2056DE98 0E784115 1555556A 2AAAAA95 1555556A 2AAABED8 0017F353 3FFFFFAC 025061D4,No
240000,7,199,389040.000,2279,1,,22EAAA2F 2056DE98 0E784115 1555556A 2AAAAA95 1555556A 2AAABE2E 0017F37A 00000029 0000B77C,No
246000,2,194,389046.000,2279,2,,22EAAA2F 2056BD08 0002BDFE 09561CAC 2654ECA8 013B0996 21C8F85D 0873CD78 3B46D80F 280CA0B8,No
246000,3,195,389046.000,2279,2,,22EAAA2F 2056BD08 0001667F 3BC0F534 3EC18265 3E5E3664 03169C26 0C24F287 054C997F 280CA0B8,No
246000,4,196,389046.000,2279,2,,22EAAA2F 2056BD08 0035338E 0A117870 3B9ADDB0 3A3E09AD 33F0F8CA 3AAAF284 3A043B87 280CA0B8,No
246000,7,199,389046.000,2279,2,,22EAAA2F 2056BD08 00068B1E 000014C1 269D9124 0397C00B 38C9A09D 32AFCD4F 04ED27B5 280CA034,No
252000,2,194,389052.000,2279,3,,22EAAA2F 20569C80 3FFDAFC2 1351E505 005B78AF 36BE2607 2AC5CFDC 070578A4 3FF6606C 003D82EC,No
252000,3,195,389052.000,2279,3,,22EAAA2F 20569C80 3FE7C143 25966895 005538C6 3A0D420C 2FA3EFE2 2E0CCB17 0006179F 3FFF4FF4,No
252000,4,196,389052.000,2279,3,,22EAAA2F 20569C80 3FB652C6 1D10787E 0042C661 3722FB91 33625018 2833E818 3FF5BF37 3FC42B10,No
252000,7,199,389052.000,2279,3,,22EAAA2F 20569C80 006D614D 25731AF5 00273FE3 3C64F0C4 27E703EE 15B17182 0002ACEE 0000008C,No
258000,2,194,389058.000,2279,4,51,22EAAA2F 20567B70 3CDD79C4 3E04104F 0107E054 3EFAAABA 2AAAAA95 1555556A 2AAAAA95 1555559C,No
258000,3,195,389058.000,2279,4,51,22EAAA2F 20567B70 3CDD79C4 3E04104F 0107E054 3EFAAABA 2AAAAA95 1555556A 2AAAAA95 1555559C,No
258000,4,196,389058.000,2279,4,51,22EAAA2F 20567B70 3CDD79C4 3E04104F 0107E054 3EFAAABA 2AAAAA95 1555556A 2AAAAA95 1555559C,No
258000,7,199,389058.000,2279,4,51,22EAAA2F 20567B70 3CDD79C4 3E04104F 0107E054 3EFAAABA 2AAAAA95 1555556A 2AAAAA95 1555559C,No
264000,2,194,389064.000,2279,5,6,22EAAA2F 20565AF8 302AAA86 2AAAAA95 1555556A 2AAAAA95 1555556A 2AAAAA95 1555556A 2AAAAA30,No
264000,3,195,389064.000,2279,5,6,22EAAA2F 20565AF8 302AAA86 2AAAAA95 1555556A 2AAAAA95 1555556A 2AAAAA95 1555556A 2AAAAA30,No
264000,4,196,389064.000,2279,5,6,22EAAA2F 20565AF8 302AAA86 2AAAAA95 1555556A 2AAAAA95 1555556A 2AAAAA95 1555556A 2AAAAA30,No
264000,7,199,389064.000,2279,5,6,22EAAA2F 20565AF8 302AAA86 2AAAAA95 1555556A 2AAAAA95 1555556A 2AAAAA95 1555556A 2AAAAA30,No
270000,2,194,389070.000,2279,1,,22EAAA2F 20563EFC 0E784115 1555556A 2AAAAA95 1555556A 2AAA8141 3FE80C85 3FC00128 3FDE6948,No
270000,3,195,389070.000,2279,1,,22EAAA2F 20563EFC 0E784115 1555556A 2AAAAA95 1555556A 2AAA80EF 3FE80CAC 003FFEAD 0016FFE8,No
270000,4,196,389070.000,2279,1,,22EAAA2F 20563EFC 0E784115 1555556A 2AAAAA95 1555556A 2AAABED8 0017F353 3FFFFFAC 025061D4,No
270000,7,199,389070.000,2279,1,,22EAAA2F 20563EFC 0E784115 1555556A 2AAAAA95 1555556A 2AAABE2E 0017F37A 00000029 0000B77C,No
276000,2,194,389076.000,2279,2,,22EAAA2F 20561D94 0002BDFE 09561CAC 2654ECA8 013B0996 21C8F85D 0873CD78 3B46D80F 280CA0B8,No
276000,3,195,389076.000,2279,2,,22EAAA2F 20561D94 0001667F 3BC0F534 3EC18265 3E5E3664 03169C26 0C24F287 054C997F 280CA0B8,No
276000,4,196,389076.000,2279,2,,22EAAA2F 20561D94 0035338E 0A117870 3B9ADDB0 3A3E09AD 33F0F8CA 3AAAF284 3A043B87 280CA0B8,No
276000,7,199,389076.000,2279,2,,22EAAA2F 20561D94 00068B1E 000014C1 269D9124 0397C00B 38C9A09D 32AFCD4F 04ED27B5 280CA034,No
282000,2,194,389082.000,2279,3,,22EAAA2F 2055FCF8 3FFDAFC2 1351E505 005B78AF 36BE2607 2AC5CFDC 070578A4 3FF6606C 003D82EC,No
282000,3,195,389082.000,2279,3,,22EAAA2F 2055FCF8 3FE7C143 25966895 005538C6 3A0D420C 2FA3EFE2 2E0CCB17 0006179F 3FFF4FF4,No
282000,4,196,389082.000,2279,3,,22EAAA2F 2055FCF8 3FB652C6 1D10787E 0042C661 3722FB91 33625018 2833E818 3FF5BF37 3FC42B10,No
282000,7,199,389082.000,2279,3,,22EAAA2F 2055FCF8 006D614D 25731AF5 00273FE3 3C64F0C4 27E703EE 15B17182 0002ACEE 0000008C,No
288000,2,194,389088.000,2279,4,56,22EAAA2F 2055DBBC 3E014083 000075F7 3E8001CD 3FFFFFD6 00000029 3FE84621 3B5DBE19 3B555548,No
288000,3,195,389088.000,2279,4,56,22EAAA2F 2055DBBC 3E014083 000075F7 3E8001CD 3FFFFFD6 00000029 3FE84621 3B5DBE19 3B555548,No
288000,4,196,389088.000,2279,4,56,22EAAA2F 2055DBBC 3E014083 000075F7 3E8001CD 3FFFFFD6 00000029 3FE84621 3B5DBE19 3B555548,No
288000,7,199,389088.000,2279,4,56,22EAAA2F 2055DBBC 3E014083 000075F7 3E8001CD 3FFFFFD6 00000029 3FE84621 3B5DBE19 3B555548,No
294000,2,194,389094.000,2279,5,61,22EAAA2F 2055BACC 3F4140B9 000075DE 017FFE1B 3FFFFFFF 3FFFFFFF 3FE84608 04A241CF 3B5555C4,No
294000,3,195,389094.000,2279,5,61,22EAAA2F 2055BACC 3F4140B9 000075DE 017FFE1B 3FFFFFFF 3FFFFFFF 3FE84608 04A241CF 3B5555C4,No
294000,4,196,389094.000,2279,5,61,22EAAA2F 2055BACC 3F4140B9 000075DE 017FFE1B 3FFFFFFF 3FFFFFFF 3FE84608 04A241CF 3B5555C4,No
294000,7,199,389094.000,2279,5,61,22EAAA2F 2055BACC 3F4140B9 000075DE 017FFE1B 3FFFFFFF 3FFFFFFF 3FE84608 04A241CF 3B5555C4,No
300000,2,194,389100.000,2279,1,,22EAAA2F 20559E30 0E784115 1555556A 2AAAAA95 1555556A 2AAA8141 3FE80C85 3FC00128 3FDE6948,No
300000,3,195,389100.000,2279,1,,22EAAA2F 20559E30 0E784115 1555556A 2AAAAA95 1555556A 2AAA80EF 3FE80CAC 003FFEAD 0016FFE8,No
300000,4,196,389100.000,2279,1,,22EAAA2F 20559E30 0E784115 1555556A 2AAAAA95 1555556A 2AAABED8 0017F353 3FFFFFAC 025061D4,No
300000,7,199,389100.000,2279,1,,22EAAA2F 20559E30 0E784115 1555556A 2AAAAA95 1555556A 2AAABE2E 0017F37A 00000029 0000B77C,No
306000,2,194,389106.000,2279,2,,22EAAA2F 20557DEC 0002BDFE 09561CAC 2654ECA8 013B0996 21C8F85D 0873CD78 3B46D80F 280CA0B8,No
306000,3,195,389106.000,2279,2,,22EAAA2F 20557DEC 0001667F 3BC0F534 3EC18265 3E5E3664 03169C26 0C24F287 054C997F 280CA0B8,No
306000,4,196,389106.000,2279,2,,22EAAA2F 20557DEC 0035338E 0A117870 3B9ADDB0 3A3E09AD 33F0F8CA 3AAAF284 3A043B87 280CA0B8,No
306000,7,199,389106.000,2279,2,,22EAAA2F 20557DEC 00068B1E 000014C1 269D9124 0397C00B 38C9A09D 32AFCD4F 04ED27B5 280CA034,No
312000,2,194,389112.000,2279,3,,22EAAA2F 20555C64 3FFDAFC2 1351E505 005B78AF 36BE2607 2AC5CFDC 070578A4 3FF6606C 003D82EC,No
312000,3,195,389112.000,2279,3,,22EAAA2F 20555C64 3FE7C143 25966895 005538C6 3A0D420C 2FA3EFE2 2E0CCB17 0006179F 3FFF4FF4,No
312000,4,196,389112.000,2279,3,,22EAAA2F 20555C64 3FB652C6 1D10787E 0042C661 3722FB91 33625018 2833E818 3FF5BF37 3FC42B10,No
312000,7,199,389112.000,2279,3,,22EAAA2F 20555C64 006D614D 25731AF5 00273FE3 3C64F0C4 27E703EE 15B17182 0002ACEE 0000008C,No
318000,2,194,389118.000,2279,4,51,22EAAA2F 20553BD8 3CDD79C4 3E04104F 0107E054 3EFAAABA 2AAAAA95 1555556A 2AAAAA95 1555559C,No
318000,3,195,389118.000,2279,4,51,22EAAA2F 20553BD8 3CDD79C4 3E04104F 0107E054 3EFAAABA 2AAAAA95 1555556A 2AAAAA95 1555559C,No
318000,4,196,389118.000,2279,4,51,22EAAA2F 20553BD8 3CDD79C4 3E04104F 0107E054 3EFAAABA 2AAAAA95 1555556A 2AAAAA95 1555559C,No
318000,7,199,389118.000,2279,4,51,22EAAA2F 20553BD8 3CDD79C4 3E04104F 0107E054 3EFAAABA 2AAAAA95 1555556A 2AAAAA95 1555559C,No
324000,2,194,389124.000,2279,5,7,22EAAA2F 20551A50 31C0739C 1D4039D9 3FEA7FBF 0D44ED10 215AC5AC 03D5B18F 2AA8B2C5 3FFFFF20,No
324000,3,195,389124.000,2279,5,7,22EAAA2F 20551A50 31C0739C 1D4039D9 3FEA7FBF 0D44ED10 215AC5AC 03D5B18F 2AA8B2C5 3FFFFF20,No
324000,4,196,389124.000,2279,5,7,22EAAA2F 20551A50 31C0739C 1D4039D9 3FEA7FBF 0D44ED10 215AC5AC 03D5B18F 2AA8B2C5 3FFFFF20,No
324000,7,199,389124.000,2279,5,7,22EAAA2F 20551A50 31C0739C 1D4039D9 3FEA7FBF 0D44ED10 215AC5AC 03D5B18F 2AA8B2C5 3FFFFF20,No
330000,2,194,389130.000,2279,1,,22EAAA2F 2054FED0 0E784115 1555556A 2AAAAA95 1555556A 2AAA8141 3FE80C85 3FC00128 3FDE6948,No
330000,3,195,389130.000,2279,1,,22EAAA2F 2054FED0 0E784115 1555556A 2AAAAA95 1555556A 2AAA80EF 3FE80CAC 003FFEAD 0016FFE8,No
330000,4,196,389130.000,2279,1,,22EAAA2F 2054FED0 0E784115 1555556A 2AAAAA95 1555556A 2AAABED8 0017F353 3FFFFFAC 025061D4,No
330000,7,199,389130.000,2279,1,,22EAAA2F 2054FED0 0E784115 1555556A 2AAAAA95 1555556A 2AAABE2E 0017F37A 00000029 0000B77C,No
336000,2,194,389136.000,2279,2,,22EAAA2F 2054DDB8 0002BDFE 09561CAC 2654ECA8 013B0996 21C8F85D 0873CD78 3B46D80F 280CA0B8,No
336000,3,195,389136.000,2279,2,,22EAAA2F 2054DDB8 0001667F 3BC0F534 3EC18265 3E5E3664 03169C26 0C24F287 054C997F 280CA0B8,No
336000,4,196,389136.000,2279,2,,22EAAA2F 2054DDB8 0035338E 0A117870 3B9ADDB0 3A3E09AD 33F0F8CA 3AAAF284 3A043B87 280CA0B8,No
336000,7,199,389136.000,2279,2,,22EAAA2F 2054DDB8 00068B1E 000014C1 269D9124 0397C00B 38C9A09D 32AFCD4F 04ED27B5 280CA034,No
342000,2,194,389142.000,2279,3,,22EAAA2F 2054BCC8 3FFDAFC2 1351E505 005B78AF 36BE2607 2AC5CFDC 070578A4 3FF6606C 003D82EC,No
342000,3,195,389142.000,2279,3,,22EAAA2F 2054BCC8 3FE7C143 25966895 005538C6 3A0D420C 2FA3EFE2 2E0CCB17 0006179F 3FFF4FF4,No
342000,4,196,389142.000,2279,3,,22EAAA2F 2054BCC8 3FB652C6 1D10787E 0042C661 3722FB91 33625018 2833E818 3FF5BF37 3FC42B10,No
342000,7,199,389142.000,2279,3,,22EAAA2F 2054BCC8 006D614D 25731AF5 00273FE3 3C64F0C4 27E703EE 15B17182 0002ACEE 0000008C,No
348000,2,194,389148.000,2279,4,56,22EAAA2F 20549B8C 3E014083 000075F7 3E8001CD 3FFFFFD6 00000029 3FE84621 3B5DBE19 3B555548,No
348000,3,195,389148.000,2279,4,56,22EAAA2F 20549B8C 3E014083 000075F7 3E8001CD 3FFFFFD6 00000029 3FE84621 3B5DBE19 3B555548,No
348000,4,196,389148.000,2279,4,56,22EAAA2F 20549B8C 3E014083 000075F7 3E8001CD 3FFFFFD6 00000029 3FE84621 3B5DBE19 3B555548,No
348000,7,199,389148.000,2279,4,56,22EAAA2F 20549B8C 3E014083 000075F7 3E8001CD 3FFFFFD6 00000029 3FE84621 3B5DBE19 3B555548,No
354000,2,194,389154.000,2279,5,61,22EAAA2F 20547AB0 3F4140B9 000075DE 017FFE1B 3FFFFFFF 3FFFFFFF 3FE84608 04A241CF 3B5555C4,No
354000,3,195,389154.000,2279,5,61,22EAAA2F 20547AB0 3F4140B9 000075DE 017FFE1B 3FFFFFFF 3FFFFFFF 3FE84608 04A241CF 3B5555C4,No
354000,4,196,389154.000,2279,5,61,22EAAA2F 20547AB0 3F4140B9 000075DE 017FFE1B 3FFFFFFF 3FFFFFFF 3FE84608 04A241CF 3B5555C4,No
354000,7,199,389154.000,2279,5,61,22EAAA2F 20547AB0 3F4140B9 000075DE 017FFE1B 3FFFFFFF 3FFFFFFF 3FE84608 04A241CF 3B5555C4,No
360000,2,194,389160.000,2279,1,,22EAAA2F 20545E4C 0E784115 1555556A 2AAAAA95 1555556A 2AAA8141 3FE80C85 3FC00128 3FDE6948,No
360000,3,195,389160.000,2279,1,,22EAAA2F 20545E4C 0E784115 1555556A 2AAAAA95 1555556A 2AAA80EF 3FE80CAC 003FFEAD 0016FFE8,No
360000,4,196,389160.000,2279,1,,22EAAA2F 20545E4C 0E784115 1555556A 2AAAAA95 1555556A 2AAABED8 0017F353 3FFFFFAC 025061D4,No
360000,7,199,389160.000,2279,1,,22EAAA2F 20545E4C 0E784115 1555556A 2AAAAA95 1555556A 2AAABE2E 0017F37A 00000029 0000B77C,No
366000,2,194,389166.000,2279,2,,22EAAA2F 20543DDC 0002BDFE 09561CAC 2654ECA8 013B0996 21C8F85D 0873CD78 3B46D80F 280CA0B8,No
366000,3,195,389166.000,2279,2,,22EAAA2F 20543DDC 0001667F 3BC0F534 3EC18265 3E5E3664 03169C26 0C24F287 054C997F 280CA0B8,No
366000,4,196,389166.000,2279,2,,22EAAA2F 20543DDC 0035338E 0A117870 3B9ADDB0 3A3E09AD 33F0F8CA 3AAAF284 3A043B87 280CA0B8,No
366000,7,199,389166.000,2279,2,,22EAAA2F 20543DDC 00068B1E 000014C1 269D9124 0397C00B 38C9A09D 32AFCD4F 04ED27B5 280CA034,No
372000,2,194,389172.000,2279,3,,22EAAA2F 20541C54 3FFDAFC2 1351E505 005B78AF 36BE2607 2AC5CFDC 070578A4 3FF6606C 003D82EC,No
372000,3,195,389172.000,2279,3,,22EAAA2F 20541C54 3FE7C143 25966895 005538C6 3A0D420C 2FA3EFE2 2E0CCB17 0006179F 3FFF4FF4,No
372000,4,196,389172.000,2279,3,,22EAAA2F 20541C54 3FB652C6 1D10787E 0042C661 3722FB91 33625018 2833E818 3FF5BF37 3FC42B10,No
372000,7,199,389172.000,2279,3,,22EAAA2F 20541C54 006D614D 25731AF5 00273FE3 3C64F0C4 27E703EE 15B17182 0002ACEE 0000008C,No
378000,2,194,389178.000,2279,4,51,22EAAA2F 2053FBCC 3CDD79C4 3E04104F 0107E054 3EFAAABA 2AAAAA95 1555556A 2AAAAA95 1555559C,No
378000,3,195,389178.000,2279,4,51,22EAAA2F 2053FBCC 3CDD79C4 3E04104F 0107E054 3EFAAABA 2AAAAA95 1555556A 2AAAAA95 1555559C,No
378000,4,196,389178.000,2279,4,51,22EAAA2F 2053FBCC 3CDD79C4 3E04104F 0107E054 3EFAAABA 2AAAAA95 1555556A 2AAAAA95 1555559C,No
378000,7,199,389178.000,2279,4,51,22EAAA2F 2053FBCC 3CDD79C4 3E04104F 0107E054 3EFAAABA 2AAAAA95 1555556A 2AAAAA95 1555559C,No
384000,2,194,389184.000,2279,5,8,22EAAA2F 2053DA44 302AAA86 2AAAAA95 1555556A 2AAAAA95 1555556A 2AAAAA95 1555556A 2AAAAA30,No
384000,3,195,389184.000,2279,5,8,22EAAA2F 2053DA44 302AAA86 2AAAAA95 1555556A 2AAAAA95 1555556A 2AAAAA95 1555556A 2AAAAA30,No
384000,4,196,389184.000,2279,5,8,22EAAA2F 2053DA44 302AAA86 2AAAAA95 1555556A 2AAAAA95 1555556A 2AAAAA95 1555556A 2AAAAA30,No
384000,7,199,389184.000,2279,5,8,22EAAA2F 2053DA44 302AAA86 2AAAAA95 1555556A 2AAAAA95 1555556A 2AAAAA95 1555556A 2AAAAA30,No
390000,2,194,389190.000,2279,1,,22EAAA2F 2053BE40 0E784115 1555556A 2AAAAA95 1555556A 2AAA8141 3FE80C85 3FC00128 3FDE6948,No
390000,3,195,389190.000,2279,1,,22EAAA2F 2053BE40 0E784115 1555556A 2AAAAA95 1555556A 2AAA80EF 3FE80CAC 003FFEAD 0016FFE8,No
390000,4,196,389190.000,2279,1,,22EAAA2F 2053BE40 0E784115 1555556A 2AAAAA95 1555556A 2AAABED8 0017F353 3FFFFFAC 025061D4,No
390000,7,199,389190.000,2279,1,,22EAAA2F 2053BE40 0E784115 1555556A 2AAAAA95 1555556A 2AAABE2E 0017F37A 00000029 0000B77C,No
396000,2,194,389196.000,2279,2,,22EAAA2F 20539D28 0002BDFE 09561CAC 2654ECA8 013B0996 21C8F85D 0873CD78 3B46D80F 280CA0B8,No
396000,3,195,389196.000,2279,2,,22EAAA2F 20539D28 0001667F 3BC0F534 3EC18265 3E5E3664 03169C26 0C24F287 054C997F 280CA0B8,No
396000,4,196,389196.000,2279,2,,22EAAA2F 20539D28 0035338E 0A117870 3B9ADDB0 3A3E09AD 33F0F8CA 3AAAF284 3A043B87 280CA0B8,No
396000,7,199,389196.000,2279,2,,22EAAA2F 20539D28 00068B1E 000014C1 269D9124 0397C00B 38C9A09D 32AFCD4F 04ED27B5 280CA034,No
402000,2,194,389202.000,2279,3,,22EAAA2F 20537C14 3FFDAFC2 1351E505 005B78AF 36BE2607 2AC5CFDC 070578A4 3FF6606C 003D82EC,No
402000,3,195,389202.000,2279,3,,22EAAA2F 20537C14 3FE7C143 25966895 005538C6 3A0D420C 2FA3EFE2 2E0CCB17 0006179F 3FFF4FF4,No
402000,4,196,389202.000,2279,3,,22EAAA2F 20537C14 3FB652C6 1D10787E 0042C661 3722FB91 33625018 2833E818 3FF5BF37 3FC42B10,No
402000,7,199,389202.000,2279,3,,22EAAA2F 20537C14 006D614D 25731AF5 00273FE3 3C64F0C4 27E703EE 15B17182 0002ACEE 0000008C,No
408000,2,194,389208.000,2279,4,56,22EAAA2F 20535B50 3E014083 000075F7 3E8001CD 3FFFFFD6 00000029 3FE84621 3B5DBE19 3B555548,No
408000,3,195,389208.000,2279,4,56,22EAAA2F 20535B50 3E014083 000075F7 3E8001CD 3FFFFFD6 00000029 3FE84621 3B5DBE19 3B555548,No
408000,4,196,389208.000,2279,4,56,22EAAA2F 20535B50 3E014083 000075F7 3E8001CD 3FFFFFD6 00000029 3FE84621 3B5DBE19 3B555548,No
408000,7,199,389208.000,2279,4,56,22EAAA2F 20535B50 3E014083 000075F7 3E8001CD 3FFFFFD6 00000029 3FE84621 3B5DBE19 3B555548,No
414000,2,194,389214.000,2279,5,61,22EAAA2F 20533A20 3F4140B9 000075DE 017FFE1B 3FFFFFFF 3FFFFFFF 3FE84608 04A241CF 3B5555C4,No
414000,3,195,389214.000,2279,5,61,22EAAA2F 20533A20 3F4140B9 000075DE 017FFE1B 3FFFFFFF 3FFFFFFF 3FE84608 04A241CF 3B5555C4,No
414000,4,196,389214.000,2279,5,61,22EAAA2F 20533A20 3F4140B9 000075DE 017FFE1B 3FFFFFFF 3FFFFFFF 3FE84608 04A241CF 3B5555C4,No
414000,7,199,389214.000,2279,5,61,22EAAA2F 20533A20 3F4140B9 000075DE 017FFE1B 3FFFFFFF 3FFFFFFF 3FE84608 04A241CF 3B5555C4,No
420000,2,194,389220.000,2279,1,,22EAAA2F 20531EDC 0E784115 1555556A 2AAAAA95 1555556A 2AAA8141 3FE80C85 3FC00128 3FDE6948,No
420000,3,195,389220.000,2279,1,,22EAAA2F 20531EDC 0E784115 1555556A 2AAAAA95 1555556A 2AAA80EF 3FE80CAC 003FFEAD 0016FFE8,No
420000,4,196,389220.000,2279,1,,22EAAA2F 20531EDC 0E784115 1555556A 2AAAAA95 1555556A 2AAABED8 0017F353 3FFFFFAC 025061D4,No
420000,7,199,389220.000,2279,1,,22EAAA2F 20531EDC 0E784115 1555556A 2AAAAA95 1555556A 2AAABE2E 0017F37A 00000029 0000B77C,No
426000,2,194,389226.000,2279,2,,22EAAA2F 2052FDC8 0002BDFE 09561CAC 2654ECA8 013B0996 21C8F85D 0873CD78 3B46D80F 280CA0B8,No
426000,3,195,389226.000,2279,2,,22EAAA2F 2052FDC8 0001667F 3BC0F534 3EC18265 3E5E3664 03169C26 0C24F287 054C997F 280CA0B8,No
426000,4,196,389226.000,2279,2,,22EAAA2F 2052FDC8 0035338E 0A117870 3B9ADDB0 3A3E09AD 33F0F8CA 3AAAF284 3A043B87 280CA0B8,No
426000,7,199,389226.000,2279,2,,22EAAA2F 2052FDC8 00068B1E 000014C1 269D9124 0397C00B 38C9A09D 32AFCD4F 04ED27B5 280CA034,No
432000,2,194,389232.000,2279,3,,22EAAA2F 2052DC40 3FFDAFC2 1351E505 005B78AF 36BE2607 2AC5CFDC 070578A4 3FF6606C 003D82EC,No
432000,3,195,389232.000,2279,3,,22EAAA2F 2052DC40 3FE7C143 25966895 005538C6 3A0D420C 2FA3EFE2 2E0CCB17 0006179F 3FFF4FF4,No
432000,4,196,389232.000,2279,3,,22EAAA2F 2052DC40 3FB652C6 1D10787E 0042C661 3722FB91 33625018 2833E818 3FF5BF37 3FC42B10,No
432000,7,199,389232.000,2279,3,,22EAAA2F 2052DC40 006D614D 25731AF5 00273FE3 3C64F0C4 27E703EE 15B17182 0002ACEE 0000008C,No
438000,2,194,389238.000,2279,4,51,22EAAA2F 2052BBFC 3CDD79C4 3E04104F 0107E054 3EFAAABA 2AAAAA95 1555556A 2AAAAA95 1555559C,No
438000,3,195,389238.000,2279,4,51,22EAAA2F 2052BBFC 3CDD79C4 3E04104F 0107E054 3EFAAABA 2AAAAA95 1555556A 2AAAAA95 1555559C,No
438000,4,196,389238.000,2279,4,51,22EAAA2F 2052BBFC 3CDD79C4 3E04104F 0107E054 3EFAAABA 2AAAAA95 1555556A 2AAAAA95 1555559C,No
438000,7,199,389238.000,2279,4,51,22EAAA2F 2052BBFC 3CDD79C4 3E04104F 0107E054 3EFAAABA 2AAAAA95 1555556A 2AAAAA95 1555559C,No
444000,2,194,389244.000,2279,5,9,22EAAA2F 20529A74 302AAA86 2AAAAA95 1555556A 2AAAAA95 1555556A 2AAAAA95 1555556A 2AAAAA30,No
444000,3,195,389244.000,2279,5,9,22EAAA2F 20529A74 302AAA86 2AAAAA95 1555556A 2AAAAA95 1555556A 2AAAAA95 1555556A 2AAAAA30,No
444000,4,196,389244.000,2279,5,9,22EAAA2F 20529A74 302AAA86 2AAAAA95 1555556A 2AAAAA95 1555556A 2AAAAA95 1555556A 2AAAAA30,No
444000,7,199,389244.000,2279,5,9,22EAAA2F 20529A74 302AAA86 2AAAAA95 1555556A 2AAAAA95 1555556A 2AAAAA95 1555556A 2AAAAA30,No
450000,2,194,389250.000,2279,1,,22EAAA2F 20527E3C 0E784115 1555556A 2AAAAA95 1555556A 2AAA8141 3FE80C85 3FC00128 3FDE6948,No
450000,3,195,389250.000,2279,1,,22EAAA2F 20527E3C 0E784115 1555556A 2AAAAA95 1555556A 2AAA80EF 3FE80CAC 003FFEAD 0016FFE8,No
450000,4,196,389250.000,2279,1,,22EAAA2F 20527E3C 0E784115 1555556A 2AAAAA95 1555556A 2AAABED8 0017F353 3FFFFFAC 025061D4,No
450000,7,199,389250.000,2279,1,,22EAAA2F 20527E3C 0E784115 1555556A 2AAAAA95 1555556A 2AAABE2E 0017F37A 00000029 0000B77C,No
456000,2,194,389256.000,2279,2,,22EAAA2F 20525D54 0002BDFE 09561CAC 2654ECA8 013B0996 21C8F85D 0873CD78 3B46D80F 280CA0B8,No
456000,3,195,389256.000,2279,2,,22EAAA2F 20525D54 0001667F 3BC0F534 3EC18265 3E5E3664 03169C26 0C24F287 054C997F 280CA0B8,No
456000,4,196,389256.000,2279,2,,22EAAA2F 20525D54 0035338E 0A117870 3B9ADDB0 3A3E09AD 33F0F8CA 3AAAF284 3A043B87 280CA0B8,No
456000,7,199,389256.000,2279,2,,22EAAA2F 20525D54 00068B1E 000014C1 269D9124 0397C00B 38C9A09D 32AFCD4F 04ED27B5 280CA034,No
462000,2,194,389262.000,2279,3,,22EAAA2F 20523C24 3FFDAFC2 1351E505 005B78AF 36BE2607 2AC5CFDC 070578A4 3FF6606C 003D82EC,No
462000,3,195,389262.000,2279,3,,22EAAA2F 20523C24 3FE7C143 25966895 005538C6 3A0D420C 2FA3EFE2 2E0CCB17 0006179F 3FFF4FF4,No
462000,4,196,389262.000,2279,3,,22EAAA2F 20523C24 3FB652C6 1D10787E 0042C661 3722FB91 33625018 2833E818 3FF5BF37 3FC42B10,No
462000,7,199,389262.000,2279,3,,22EAAA2F 20523C24 006D614D 25731AF5 00273FE3 3C64F0C4 27E703EE 15B17182 0002ACEE 0000008C,No
468000,2,194,389268.000,2279,4,56,22EAAA2F 20521B60 3E014083 000075F7 3E8001CD 3FFFFFD6 00000029 3FE84621 3B5DBE19 3B555548,No
468000,3,195,389268.000,2279,4,56,22EAAA2F 20521B60 3E014083 000075F7 3E8001CD 3FFFFFD6 00000029 3FE84621 3B5DBE19 3B555548,No
468000,4,196,389268.000,2279,4,56,22EAAA2F 20521B60 3E014083 000075F7 3E8001CD 3FFFFFD6 00000029 3FE84621 3B5DBE19 3B555548,No
468000,7,199,389268.000,2279,4,56,22EAAA2F 20521B60 3E014083 000075F7 3E8001CD 3FFFFFD6 00000029 3FE84621 3B5DBE19 3B555548,No
474000,2,194,389274.000,2279,5,61,22EAAA2F 2051FA0C 3F4140B9 000075DE 017FFE1B 3FFFFFFF 3FFFFFFF 3FE84608 04A241CF 3B5555C4,No
474000,3,195,389274.000,2279,5,61,22EAAA2F 2051FA0C 3F4140B9 000075DE 017FFE1B 3FFFFFFF 3FFFFFFF 3FE84608 04A241CF 3B5555C4,No
474000,4,196,389274.000,2279,5,61,22EAAA2F 2051FA0C 3F4140B9 000075DE 017FFE1B 3FFFFFFF 3FFFFFFF 3FE84608 04A241CF 3B5555C4,No
474000,7,199,389274.000,2279,5,61,22EAAA2F 2051FA0C 3F4140B9 000075DE 017FFE1B 3FFFFFFF 3FFFFFFF 3FE84608 04A241CF 3B5555C4,No
480000,2,194,389280.000,2279,1,,22EAAA2F 2051DEF0 0E784115 1555556A 2AAAAA95 1555556A 2AAA8141 3FE80C85 3FC00128 3FDE6948,No
480000,3,195,389280.000,2279,1,,22EAAA2F 2051DEF0 0E784115 1555556A 2AAAAA95 1555556A 2AAA80EF 3FE80CAC 003FFEAD 0016FFE8,No
480000,4,196,389280.000,2279,1,,22EAAA2F 2051DEF0 0E784115 1555556A 2AAAAA95 1555556A 2AAABED8 0017F353 3FFFFFAC 025061D4,No
480000,7,199,389280.000,2279,1,,22EAAA2F 2051DEF0 0E784115 1555556A 2AAAAA95 1555556A 2AAABE2E 0017F37A 00000029 0000B77C,No
486000,2,194,389286.000,2279,2,,22EAAA2F 2051BD60 0002BDFE 09561CAC 2654ECA8 013B0996 21C8F85D 0873CD78 3B46D80F 280CA0B8,No
486000,3,195,389286.000,2279,2,,22EAAA2F 2051BD60 0001667F 3BC0F534 3EC18265 3E5E3664 03169C26 0C24F287 054C997F 280CA0B8,No
486000,4,196,389286.000,2279,2,,22EAAA2F 2051BD60 0035338E 0A117870 3B9ADDB0 3A3E09AD 33F0F8CA 3AAAF284 3A043B87 280CA0B8,No
486000,7,199,389286.000,2279,2,,22EAAA2F 2051BD60 00068B1E 000014C1 269D9124 0397C00B 38C9A09D 32AFCD4F 04ED27B5 280CA034,No
492000,2,194,389292.000,2279,3,,22EAAA2F 20519CE8 3FFDAFC2 1351E505 005B78AF 36BE2607 2AC5CFDC 070578A4 3FF6606C 003D82EC,No
492000,3,195,389292.000,2279,3,,22EAAA2F 20519CE8 3FE7C143 25966895 005538C6 3A0D420C 2FA3EFE2 2E0CCB17 0006179F 3FFF4FF4,No
492000,4,196,389292.000,2279,3,,22EAAA2F 20519CE8 3FB652C6 1D10787E 0042C661 3722FB91 33625018 2833E818 3FF5BF37 3FC42B10,No
492000,7,199,389292.000,2279,3,,22EAAA2F 20519CE8 006D614D 25731AF5 00273FE3 3C64F0C4 27E703EE 15B17182 0002ACEE 0000008C,No
498000,2,194,389298.000,2279,4,51,22EAAA2F 20517B18 3CDD79C4 3E04104F 0107E054 3EFAAABA 2AAAAA95 1555556A 2AAAAA95 1555559C,No
498000,3,195,389298.000,2279,4,51,22EAAA2F 20517B18 3CDD79C4 3E04104F 0107E054 3EFAAABA 2AAAAA95 1555556A 2AAAAA95 1555559C,No
498000,4,196,389298.000,2279,4,51,22EAAA2F 20517B18 3CDD79C4 3E04104F 0107E054 3EFAAABA 2AAAAA95 1555556A 2AAAAA95 1555559C,No
498000,7,199,389298.000,2279,4,51,22EAAA2F 20517B18 3CDD79C4 3E04104F 0107E054 3EFAAABA 2AAAAA95 1555556A 2AAAAA95 1555559C,No
504000,2,194,389304.000,2279,5,10,22EAAA2F 20515A90 302AAA86 2AAAAA95 1555556A 2AAAAA95 1555556A 2AAAAA95 1555556A 2AAAAA30,No
504000,3,195,389304.000,2279,5,10,22EAAA2F 20515A90 302AAA86 2AAAAA95 1555556A 2AAAAA95 1555556A 2AAAAA95 1555556A 2AAAAA30,No
504000,4,196,389304.000,2279,5,10,22EAAA2F 20515A90 302AAA86 2AAAAA95 1555556A 2AAAAA95 1555556A 2AAAAA95 1555556A 2AAAAA30,No
504000,7,199,389304.000,2279,5,10,22EAAA2F 20515A90 302AAA86 2AAAAA95 1555556A 2AAAAA95 1555556A 2AAAAA95 1555556A 2AAAAA30,No
510000,2,194,389310.000,2279,1,,22EAAA2F 20513E94 0E784115 1555556A 2AAAAA95 1555556A 2AAA8141 3FE80C85 3FC00128 3FDE6948,No
510000,3,195,389310.000,2279,1,,22EAAA2F 20513E94 0E784115 1555556A 2AAAAA95 1555556A 2AAA80EF 3FE80CAC 003FFEAD 0016FFE8,No
510000,4,196,389310.000,2279,1,,22EAAA2F 20513E94 0E784115 1555556A 2AAAAA95 1555556A 2AAABED8 0017F353 3FFFFFAC 025061D4,No
510000,7,199,389310.000,2279,1,,22EAAA2F 20513E94 0E784115 1555556A 2AAAAA95 1555556A 2AAABE2E 0017F37A 00000029 0000B77C,No
516000,2,194,389316.000,2279,2,,22EAAA2F 20511DFC 0002BDFE 09561CAC 2654ECA8 013B0996 21C8F85D 0873CD78 3B46D80F 280CA0B8,No
516000,3,195,389316.000,2279,2,,22EAAA2F 20511DFC 0001667F 3BC0F534 3EC18265 3E5E3664 03169C26 0C24F287 054C997F 280CA0B8,No
516000,4,196,389316.000,2279,2,,22EAAA2F 20511DFC 0035338E 0A117870 3B9ADDB0 3A3E09AD 33F0F8CA 3AAAF284 3A043B87 280CA0B8,No
516000,7,199,389316.000,2279,2,,22EAAA2F 20511DFC 00068B1E 000014C1 269D9124 0397C00B 38C9A09D 32AFCD4F 04ED27B5 280CA034,No
522000,2,194,389322.000,2279,3,,22EAAA2F 2050FC08 3FFDAFC2 1351E505 005B78AF 36BE2607 2AC5CFDC 070578A4 3FF6606C 003D82EC,No
522000,3,195,389322.000,2279,3,,22EAAA2F 2050FC08 3FE7C143 25966895 005538C6 3A0D420C 2FA3EFE2 2E0CCB17 0006179F 3FFF4FF4,No
522000,4,196,389322.000,2279,3,,22EAAA2F 2050FC08 3FB652C6 1D10787E 0042C661 3722FB91 33625018 2833E818 3FF5BF37 3FC42B10,No
522000,7,199,389322.000,2279,3,,22EAAA2F 2050FC08 006D614D 25731AF5 00273FE3 3C64F0C4 27E703EE 15B17182 0002ACEE 0000008C,No
528000,2,194,389328.000,2279,4,56,22EAAA2F 2050DB4C 3E014083 000075F7 3E8001CD 3FFFFFD6 00000029 3FE84621 3B5DBE19 3B555548,No
528000,3,195,389328.000,2279,4,56,22EAAA2F 2050DB4C 3E014083 000075F7 3E8001CD 3FFFFFD6 00000029 3FE84621 3B5DBE19 3B555548,No
528000,4,196,389328.000,2279,4,56,22EAAA2F 2050DB4C 3E014083 000075F7 3E8001CD 3FFFFFD6 00000029 3FE84621 3B5DBE19 3B555548,No
528000,7,199,389328.000,2279,4,56,22EAAA2F 2050DB4C 3E014083 000075F7 3E8001CD 3FFFFFD6 00000029 3FE84621 3B5DBE19 3B555548,No
534000,2,194,389334.000,2279,5,61,22EAAA2F 2050BA3C 3F4140B9 000075DE 017FFE1B 3FFFFFFF 3FFFFFFF 3FE84608 04A241CF 3B5555C4,No
534000,3,195,389334.000,2279,5,61,22EAAA2F 2050BA3C 3F4140B9 000075DE 017FFE1B 3FFFFFFF 3FFFFFFF 3FE84608 04A241CF 3B5555C4,No
534000,4,196,389334.000,2279,5,61,22EAAA2F 2050BA3C 3F4140B9 000075DE 017FFE1B 3FFFFFFF 3FFFFFFF 3FE84608 04A241CF 3B5555C4,No
534000,7,199,389334.000,2279,5,61,22EAAA2F 2050BA3C 3F4140B9 000075DE 017FFE1B 3FFFFFFF 3FFFFFFF 3FE84608 04A241CF 3B5555C4,No
540000,2,194,389340.000,2279,1,,22EAAA2F 20509EC0 0E784115 1555556A 2AAAAA95 1555556A 2AAA8141 3FE80C85 3FC00128 3FDE6948,No
540000,3,195,389340.000,2279,1,,22EAAA2F 20509EC0 0E784115 1555556A 2AAAAA95 1555556A 2AAA80EF 3FE80CAC 003FFEAD 0016FFE8,No
540000,4,196,389340.000,2279,1,,22EAAA2F 20509EC0 0E784115 1555556A 2AAAAA95 1555556A 2AAABED8 0017F353 3FFFFFAC 025061D4,No
540000,7,199,389340.000,2279,1,,22EAAA2F 20509EC0 0E784115 1555556A 2AAAAA95 1555556A 2AAABE2E 0017F37A 00000029 0000B77C,No
546000,2,194,389346.000,2279,2,,22EAAA2F 20507D1C 0002BDFE 09561CAC 2654ECA8 013B0996 21C8F85D 0873CD78 3B46D80F 280CA0B8,No
546000,3,195,389346.000,2279,2,,22EAAA2F 20507D1C 0001667F 3BC0F534 3EC18265 3E5E3664 03169C26 0C24F287 054C997F 280CA0B8,No
546000,4,196,389346.000,2279,2,,22EAAA2F 20507D1C 0035338E 0A117870 3B9ADDB0 3A3E09AD 33F0F8CA 3AAAF284 3A043B87 280CA0B8,No
546000,7,199,389346.000,2279,2,,22EAAA2F 20507D1C 00068B1E 000014C1 269D9124 0397C00B 38C9A09D 32AFCD4F 04ED27B5 280CA034,No
552000,2,194,389352.000,2279,3,,22EAAA2F 20505C94 3FFDAFC2 1351E505 005B78AF 36BE2607 2AC5CFDC 070578A4 3FF6606C 003D82EC,No
552000,3,195,389352.000,2279,3,,22EAAA2F 20505C94 3FE7C143 25966895 005538C6 3A0D420C 2FA3EFE2 2E0CCB17 0006179F 3FFF4FF4,No
552000,4,196,389352.000,2279,3,,22EAAA2F 20505C94 3FB652C6 1D10787E 0042C661 3722FB91 33625018 2833E818 3FF5BF37 3FC42B10,No
552000,7,199,389352.000,2279,3,,22EAAA2F 20505C94 006D614D 25731AF5 00273FE3 3C64F0C4 27E703EE 15B17182 0002ACEE 0000008C,No
558000,2,194,389358.000,2279,4,51,22EAAA2F 20503B28 3CDD79C4 3E04104F 0107E054 3EFAAABA 2AAAAA95 1555556A 2AAAAA95 1555559C,No
558000,3,195,389358.000,2279,4,51,22EAAA2F 20503B28 3CDD79C4 3E04104F 0107E054 3EFAAABA 2AAAAA95 1555556A 2AAAAA95 1555559C,No
558000,4,196,389358.000,2279,4,51,22EAAA2F 20503B28 3CDD79C4 3E04104F 0107E054 3EFAAABA 2AAAAA95 1555556A 2AAAAA95 1555559C,No
558000,7,199,389358.000,2279,4,51,22EAAA2F 20503B28 3CDD79C4 3E04104F 0107E054 3EFAAABA 2AAAAA95 1555556A 2AAAAA95 1555559C,No
564000,2,194,389364.000,2279,5,55,22EAAA2F 20501AA0 3DD4D072 11949055 2C77F7C8 08080813 37F7F7EC 08080813 37F7F7EC 0808154C,No
564000,3,195,389364.000,2279,5,55,22EAAA2F 20501AA0 3DD4D072 11949055 2C77F7C8 08080813 37F7F7EC 08080813 37F7F7EC 0808154C,No
564000,4,196,389364.000,2279,5,55,22EAAA2F 20501AA0 3DD4D072 11949055 2C77F7C8 08080813 37F7F7EC 08080813 37F7F7EC 0808154C,No
564000,7,199,389364.000,2279,5,55,22EAAA2F 20501AA0 3DD4D072 11949055 2C77F7C8 08080813 37F7F7EC 08080813 37F7F7EC 0808154C,No
570000,2,194,389370.000,2279,1,,22EAAA2F 204FFE64 0E784115 1555556A 2AAAAA95 1555556A 2AAA8141 3FE80C85 3FC00128 3FDE6948,No
570000,3,195,389370.000,2279,1,,22EAAA2F 204FFE64 0E784115 1555556A 2AAAAA95 1555556A 2AAA80EF 3FE80CAC 003FFEAD 0016FFE8,No
570000,4,196,389370.000,2279,1,,22EAAA2F 204FFE64 0E784115 1555556A 2AAAAA95 1555556A 2AAABED8 0017F353 3FFFFFAC 025061D4,No
570000,7,199,389370.000,2279,1,,22EAAA2F 204FFE64 0E784115 1555556A 2AAAAA95 1555556A 2AAABE2E 0017F37A 00000029 0000B77C,No
576000,2,194,389376.000,2279,2,,22EAAA2F 204FDD0C 0002BDFE 09561CAC 2654ECA8 013B0996 21C8F85D 0873CD78 3B46D80F 280CA0B8,No
576000,3,195,389376.000,2279,2,,22EAAA2F 204FDD0C 0001667F 3BC0F534 3EC18265 3E5E3664 03169C26 0C24F287 054C997F 280CA0B8,No
576000,4,196,389376.000,2279,2,,22EAAA2F 204FDD0C 0035338E 0A117870 3B9ADDB0 3A3E09AD 33F0F8CA 3AAAF284 3A043B87 280CA0B8,No
576000,7,199,389376.000,2279,2,,22EAAA2F 204FDD0C 00068B1E 000014C1 269D9124 0397C00B 38C9A09D 32AFCD4F 04ED27B5 280CA034,No
582000,2,194,389382.000,2279,3,,22EAAA2F 204FBC7C 3FFDAFC2 1351E505 005B78AF 36BE2607 2AC5CFDC 070578A4 3FF6606C 003D82EC,No
582000,3,195,389382.000,2279,3,,22EAAA2F 204FBC7C 3FE7C143 25966895 005538C6 3A0D420C 2FA3EFE2 2E0CCB17 0006179F 3FFF4FF4,No
582000,4,196,389382.000,2279,3,,22EAAA2F 204FBC7C 3FB652C6 1D10787E 0042C661 3722FB91 33625018 2833E818 3FF5BF37 3FC42B10,No
582000,7,199,389382.000,2279,3,,22EAAA2F 204FBC7C 006D614D 25731AF5 00273FE3 3C64F0C4 27E703EE 15B17182 0002ACEE 0000008C,No
588000,2,194,389388.000,2279,4,56,22EAAA2F 204F9B38 3E014083 000075F7 3E8001CD 3FFFFFD6 00000029 3FE84621 3B5DBE19 3B555548,No
588000,3,195,389388.000,2279,4,56,22EAAA2F 204F9B38 3E014083 000075F7 3E8001CD 3FFFFFD6 00000029 3FE84621 3B5DBE19 3B555548,No
588000,4,196,389388.000,2279,4,56,22EAAA2F 204F9B38 3E014083 000075F7 3E8001CD 3FFFFFD6 00000029 3FE84621 3B5DBE19 3B555548,No
588000,7,199,389388.000,2279,4,56,22EAAA2F 204F9B38 3E014083 000075F7 3E8001CD 3FFFFFD6 00000029 3FE84621 3B5DBE19 3B555548,No
594000,2,194,389394.000,2279,5,61,22EAAA2F 204F7A04 3F4140B9 000075DE 017FFE1B 3FFFFFFF 3FFFFFFF 3FE84608 04A241CF 3B5555C4,No
594000,3,195,389394.000,2279,5,61,22EAAA2F 204F7A04 3F4140B9 000075DE 017FFE1B 3FFFFFFF 3FFFFFFF 3FE84608 04A241CF 3B5555C4,No
594000,4,196,389394.000,2279,5,61,22EAAA2F 204F7A04 3F4140B9 000075DE 017FFE1B 3FFFFFFF 3FFFFFFF 3FE84608 04A241CF 3B5555C4,No
594000,7,199,389394.000,2279,5,61,22EAAA2F 204F7A04 3F4140B9 000075DE 017FFE1B 3FFFFFFF 3FFFFFFF 3FE84608 04A241CF 3B5555C4,No
600000,2,194,389400.000,2279,1,,22EAAA2F 204F5EF8 0E784115 1555556A 2AAAAA95 1555556A 2AAA8141 3FE80C85 3FC00128 3FDE6948,No
600000,3,195,389400.000,2279,1,,22EAAA2F 204F5EF8 0E784115 1555556A 2AAAAA95 1555556A 2AAA80EF 3FE80CAC 003FFEAD 0016FFE8,No
600000,4,196,389400.000,2279,1,,22EAAA2F 204F5EF8 0E784115 1555556A 2AAAAA95 1555556A 2AAABED8 0017F353 3FFFFFAC 025061D4,No
600000,7,199,389400.000,2279,1,,22EAAA2F 204F5EF8 0E784115 1555556A 2AAAAA95 1555556A 2AAABE2E 0017F37A 00000029 0000B77C,No
